Country of origin,Year,International total
Afghanistan,2017,2958251
Afghanistan,2018,2991374
Afghanistan,2019,2978603
Afghanistan,2020,2833618
Afghanistan,2021,2975729
Afghanistan,2022,3111205
Albania,2017,30929
Albania,2018,34583
Albania,2019,34034
Albania,2020,33151
Albania,2021,42178
Albania,2022,44782
Algeria,2017,10453
Algeria,2018,11628
Algeria,2019,12217
Algeria,2020,12350
Algeria,2021,12874
Algeria,2022,14376
Andorra,2017,5
Andorra,2020,5
Andorra,2021,5
Andorra,2022,11
Angola,2017,16111
Angola,2018,17147
Angola,2019,18948
Angola,2020,20598
Angola,2021,24095
Angola,2022,25675
Anguilla,2020,5
Anguilla,2021,5
Anguilla,2022,5
Antigua and Barbuda,2017,162
Antigua and Barbuda,2018,154
Antigua and Barbuda,2019,182
Antigua and Barbuda,2020,159
Antigua and Barbuda,2021,160
Antigua and Barbuda,2022,104
Argentina,2017,473
Argentina,2018,601
Argentina,2019,1031
Argentina,2020,1288
Argentina,2021,1898
Argentina,2022,2239
Armenia,2017,25693
Armenia,2018,24737
Armenia,2019,22059
Armenia,2020,19184
Armenia,2021,21546
Armenia,2022,24974
Aruba,2021,0
Australia,2017,20
Australia,2018,27
Australia,2019,70
Australia,2020,32
Australia,2021,37
Australia,2022,75
Austria,2017,36
Austria,2018,34
Austria,2019,28
Austria,2020,18
Austria,2021,28
Austria,2022,31
Azerbaijan,2017,20434
Azerbaijan,2018,20564
Azerbaijan,2019,19858
Azerbaijan,2020,107893
Azerbaijan,2021,44713
Azerbaijan,2022,46956
Bahamas,2017,613
Bahamas,2018,812
Bahamas,2019,1029
Bahamas,2020,1229
Bahamas,2021,1394
Bahamas,2022,1505
Bahrain,2017,669
Bahrain,2018,676
Bahrain,2019,713
Bahrain,2020,652
Bahrain,2021,553
Bahrain,2022,503
Bangladesh,2017,84898
Bangladesh,2018,79865
Bangladesh,2019,85626
Bangladesh,2020,83584
Bangladesh,2021,88167
Bangladesh,2022,90468
Barbados,2017,248
Barbados,2018,292
Barbados,2019,359
Barbados,2020,350
Barbados,2021,356
Barbados,2022,361
Belarus,2017,6512
Belarus,2018,6808
Belarus,2019,7437
Belarus,2020,7837
Belarus,2021,11431
Belarus,2022,16151
Belgium,2017,89
Belgium,2018,129
Belgium,2019,139
Belgium,2020,90
Belgium,2021,118
Belgium,2022,123
Belize,2017,270
Belize,2018,287
Belize,2019,351
Belize,2020,382
Belize,2021,450
Belize,2022,464
Benin,2017,1703
Benin,2018,1737
Benin,2019,1935
Benin,2020,1956
Benin,2021,2112
Benin,2022,2136
Bhutan,2017,8354
Bhutan,2018,7490
Bhutan,2019,7252
Bhutan,2020,7152
Bhutan,2021,7189
Bhutan,2022,7173
Bolivia (Plurinational State of),2017,1385
Bolivia (Plurinational State of),2018,1506
Bolivia (Plurinational State of),2019,1752
Bolivia (Plurinational State of),2020,1905
Bolivia (Plurinational State of),2021,2379
Bolivia (Plurinational State of),2022,2367
Bosnia and Herzegovina,2017,19576
Bosnia and Herzegovina,2018,18575
Bosnia and Herzegovina,2019,18043
Bosnia and Herzegovina,2020,16936
Bosnia and Herzegovina,2021,19820
Bosnia and Herzegovina,2022,19577
Botswana,2017,374
Botswana,2018,378
Botswana,2019,367
Botswana,2020,325
Botswana,2021,335
Botswana,2022,466
Brazil,2017,7637
Brazil,2018,9608
Brazil,2019,13433
Brazil,2020,18405
Brazil,2021,28394
Brazil,2022,37568
Brunei Darussalam,2017,9
Brunei Darussalam,2019,10
Brunei Darussalam,2020,10
Brunei Darussalam,2021,5
Brunei Darussalam,2022,6
Bulgaria,2017,1032
Bulgaria,2018,987
Bulgaria,2019,910
Bulgaria,2020,860
Bulgaria,2021,795
Bulgaria,2022,949
Burkina Faso,2017,8251
Burkina Faso,2018,16396
Burkina Faso,2019,16729
Burkina Faso,2020,20804
Burkina Faso,2021,25794
Burkina Faso,2022,52360
Burundi,2017,499753
Burundi,2018,441210
Burundi,2019,434066
Burundi,2020,423178
Burundi,2021,375806
Burundi,2022,371371
Cabo Verde,2017,186
Cabo Verde,2018,216
Cabo Verde,2019,260
Cabo Verde,2020,263
Cabo Verde,2021,283
Cabo Verde,2022,290
Cambodia,2017,13816
Cambodia,2018,12888
Cambodia,2019,12832
Cambodia,2020,12778
Cambodia,2021,12965
Cambodia,2022,12492
Cameroon,2017,35639
Cameroon,2018,63756
Cameroon,2019,88106
Cameroon,2020,101494
Cameroon,2021,147628
Cameroon,2022,159937
Canada,2017,153
Canada,2018,160
Canada,2019,159
Canada,2020,173
Canada,2021,186
Canada,2022,317
Cayman Islands,2017,6
Cayman Islands,2018,6
Cayman Islands,2019,6
Cayman Islands,2020,5
Cayman Islands,2021,5
Cayman Islands,2022,5
Central African Rep.,2017,558510
Central African Rep.,2018,608136
Central African Rep.,2019,626087
Central African Rep.,2020,655619
Central African Rep.,2021,751941
Central African Rep.,2022,751977
Chad,2017,19430
Chad,2018,15296
Chad,2019,16498
Chad,2020,16612
Chad,2021,19343
Chad,2022,20162
Chile,2017,843
Chile,2018,993
Chile,2019,1737
Chile,2020,2770
Chile,2021,10045
Chile,2022,11229
China,2017,297224
China,2018,306390
China,2019,317111
China,2020,283432
China,2021,288698
China,2022,281210
"China, Hong Kong SAR",2017,115
"China, Hong Kong SAR",2018,33
"China, Hong Kong SAR",2019,227
"China, Hong Kong SAR",2020,502
"China, Hong Kong SAR",2021,912
"China, Hong Kong SAR",2022,869
Colombia,2017,224113
Colombia,2018,184257
Colombia,2019,264802
Colombia,2020,260783
Colombia,2021,196497
Colombia,2022,220345
Comoros,2017,922
Comoros,2018,1124
Comoros,2019,2117
Comoros,2020,3436
Comoros,2021,3503
Comoros,2022,3164
Congo,2017,26363
Congo,2018,25116
Congo,2019,23970
Congo,2020,25426
Congo,2021,27048
Congo,2022,26857
Costa Rica,2017,681
Costa Rica,2018,755
Costa Rica,2019,945
Costa Rica,2020,1008
Costa Rica,2021,1224
Costa Rica,2022,1346
Cote d'Ivoire,2017,66544
Cote d'Ivoire,2018,61171
Cote d'Ivoire,2019,59232
Cote d'Ivoire,2020,71741
Cote d'Ivoire,2021,72548
Cote d'Ivoire,2022,51612
Croatia,2017,25137
Croatia,2018,24184
Croatia,2019,23858
Croatia,2020,23509
Croatia,2021,18134
Croatia,2022,17923
Cuba,2017,18589
Cuba,2018,32085
Cuba,2019,62569
Cuba,2020,71146
Cuba,2021,83124
Cuba,2022,120228
Curacao ,2017,35
Curacao ,2018,35
Curacao ,2019,35
Curacao ,2020,35
Curacao ,2021,35
Curacao ,2022,35
Cyprus,2017,20
Cyprus,2018,27
Cyprus,2019,35
Cyprus,2020,19
Cyprus,2021,20
Cyprus,2022,27
Czechia,2017,1579
Czechia,2018,1460
Czechia,2019,1347
Czechia,2020,1270
Czechia,2021,919
Czechia,2022,763
Dem. People's Rep. of Korea,2017,1763
Dem. People's Rep. of Korea,2018,943
Dem. People's Rep. of Korea,2019,870
Dem. People's Rep. of Korea,2020,777
Dem. People's Rep. of Korea,2021,636
Dem. People's Rep. of Korea,2022,399
Dem. Rep. of the Congo,2017,756957
Dem. Rep. of the Congo,2018,853724
Dem. Rep. of the Congo,2019,948476
Dem. Rep. of the Congo,2020,985764
Dem. Rep. of the Congo,2021,1056500
Dem. Rep. of the Congo,2022,1052103
Denmark,2017,21
Denmark,2018,35
Denmark,2019,42
Denmark,2020,22
Denmark,2021,33
Denmark,2022,27
Djibouti,2017,3047
Djibouti,2018,3224
Djibouti,2019,3185
Djibouti,2020,3302
Djibouti,2021,3601
Djibouti,2022,2730
Dominica,2017,89
Dominica,2018,92
Dominica,2019,132
Dominica,2020,129
Dominica,2021,178
Dominica,2022,203
Dominican Rep.,2017,3586
Dominican Rep.,2018,3878
Dominican Rep.,2019,4584
Dominican Rep.,2020,4794
Dominican Rep.,2021,5277
Dominican Rep.,2022,5938
Ecuador,2017,18592
Ecuador,2018,19151
Ecuador,2019,20984
Ecuador,2020,23779
Ecuador,2021,29111
Ecuador,2022,37047
Egypt,2017,36694
Egypt,2018,41610
Egypt,2019,44043
Egypt,2020,42866
Egypt,2021,48514
Egypt,2022,49395
El Salvador,2017,130777
El Salvador,2018,151833
El Salvador,2019,178093
El Salvador,2020,195182
El Salvador,2021,205287
El Salvador,2022,206547
Equatorial Guinea,2017,237
Equatorial Guinea,2018,316
Equatorial Guinea,2019,322
Equatorial Guinea,2020,338
Equatorial Guinea,2021,403
Equatorial Guinea,2022,461
Eritrea,2017,564517
Eritrea,2018,585844
Eritrea,2019,576464
Eritrea,2020,597680
Eritrea,2021,589099
Eritrea,2022,577748
Estonia,2017,330
Estonia,2018,318
Estonia,2019,329
Estonia,2020,320
Estonia,2021,319
Estonia,2022,214
Eswatini,2017,271
Eswatini,2018,285
Eswatini,2019,321
Eswatini,2020,279
Eswatini,2021,245
Eswatini,2022,225
Ethiopia,2017,221107
Ethiopia,2018,225486
Ethiopia,2019,228734
Ethiopia,2020,276498
Ethiopia,2021,288341
Ethiopia,2022,296047
Fiji,2017,1412
Fiji,2018,1972
Fiji,2019,2934
Fiji,2020,3199
Fiji,2021,3411
Fiji,2022,3541
Finland,2017,15
Finland,2018,10
Finland,2019,10
Finland,2021,5
Finland,2022,15
France,2017,194
France,2018,278
France,2019,318
France,2020,224
France,2021,317
France,2022,396
French Guiana,2017,11
French Guiana,2018,23
French Guiana,2019,24
French Guiana,2020,27
French Guiana,2021,96
French Guiana,2022,121
Gabon,2017,912
Gabon,2018,1081
Gabon,2019,1333
Gabon,2020,1569
Gabon,2021,1522
Gabon,2022,1397
Gambia,2017,36778
Gambia,2018,31253
Gambia,2019,26974
Gambia,2020,17670
Gambia,2021,16773
Gambia,2022,16398
Georgia,2017,23001
Georgia,2018,27989
Georgia,2019,27253
Georgia,2020,22754
Georgia,2021,26402
Georgia,2022,32713
Germany,2017,245
Germany,2018,237
Germany,2019,270
Germany,2020,237
Germany,2021,307
Germany,2022,387
Ghana,2017,34463
Ghana,2018,30613
Ghana,2019,28983
Ghana,2020,23936
Ghana,2021,23428
Ghana,2022,24341
Greece,2017,201
Greece,2018,235
Greece,2019,228
Greece,2020,212
Greece,2021,258
Greece,2022,303
Grenada,2017,165
Grenada,2018,155
Grenada,2019,169
Grenada,2020,151
Grenada,2021,149
Grenada,2022,151
Guadeloupe,2017,37
Guadeloupe,2018,11
Guadeloupe,2020,86
Guadeloupe,2021,88
Guadeloupe,2022,85
Guatemala,2017,89010
Guatemala,2018,106003
Guatemala,2019,142291
Guatemala,2020,170655
Guatemala,2021,187355
Guatemala,2022,191206
Guinea,2017,54851
Guinea,2018,56538
Guinea,2019,57266
Guinea,2020,58358
Guinea,2021,60861
Guinea,2022,61189
Guinea-Bissau,2017,5372
Guinea-Bissau,2018,4893
Guinea-Bissau,2019,4758
Guinea-Bissau,2020,4351
Guinea-Bissau,2021,4585
Guinea-Bissau,2022,4433
Guyana,2017,742
Guyana,2018,834
Guyana,2019,960
Guyana,2020,975
Guyana,2021,1141
Guyana,2022,1102
Haiti,2017,65442
Haiti,2018,68490
Haiti,2019,92418
Haiti,2020,105874
Haiti,2021,165019
Haiti,2022,176557
Holy See,2019,5
Holy See,2020,12
Holy See,2021,12
Holy See,2022,13
Honduras,2017,74206
Honduras,2018,95383
Honduras,2019,148831
Honduras,2020,183391
Honduras,2021,221681
Honduras,2022,238530
Hungary,2017,4992
Hungary,2018,4731
Hungary,2019,4678
Hungary,2020,5219
Hungary,2021,5261
Hungary,2022,2714
Iceland,2017,5
Iceland,2018,10
Iceland,2019,10
Iceland,2020,5
Iceland,2021,12
Iceland,2022,101
India,2017,48282
India,2018,61388
India,2019,77752
India,2020,82357
India,2021,92590
India,2022,99126
Indonesia,2017,17869
Indonesia,2018,15543
Indonesia,2019,16362
Indonesia,2020,17969
Indonesia,2021,19834
Indonesia,2022,20039
Iran (Islamic Rep. of),2017,193718
Iran (Islamic Rep. of),2018,217308
Iran (Islamic Rep. of),2019,215091
Iran (Islamic Rep. of),2020,212247
Iran (Islamic Rep. of),2021,211934
Iran (Islamic Rep. of),2022,207283
Iraq,2017,635163
Iraq,2018,629048
Iraq,2019,639005
Iraq,2020,605767
Iraq,2021,598353
Iraq,2022,585773
Ireland,2017,52
Ireland,2018,59
Ireland,2019,90
Ireland,2020,94
Ireland,2021,146
Ireland,2022,196
Israel,2017,1160
Israel,2018,1175
Israel,2019,1142
Israel,2020,1036
Israel,2021,1260
Israel,2022,1482
Italy,2017,334
Italy,2018,450
Italy,2019,507
Italy,2020,533
Italy,2021,700
Italy,2022,894
Jamaica,2017,3654
Jamaica,2018,3943
Jamaica,2019,4327
Jamaica,2020,4428
Jamaica,2021,4724
Jamaica,2022,4586
Japan,2017,143
Japan,2018,156
Japan,2019,150
Japan,2020,161
Japan,2021,173
Japan,2022,197
Jordan,2017,5586
Jordan,2018,6549
Jordan,2019,7030
Jordan,2020,7470
Jordan,2021,8776
Jordan,2022,9211
Kazakhstan,2017,5920
Kazakhstan,2018,8353
Kazakhstan,2019,9739
Kazakhstan,2020,8719
Kazakhstan,2021,9123
Kazakhstan,2022,9844
Kenya,2017,13281
Kenya,2018,14767
Kenya,2019,15584
Kenya,2020,16381
Kenya,2021,17256
Kenya,2022,17798
Kiribati,2021,5
Kiribati,2022,10
Kuwait,2017,2048
Kuwait,2018,2471
Kuwait,2019,2702
Kuwait,2020,2837
Kuwait,2021,3559
Kuwait,2022,3939
Kyrgyzstan,2017,5341
Kyrgyzstan,2018,5655
Kyrgyzstan,2019,5556
Kyrgyzstan,2020,5578
Kyrgyzstan,2021,5820
Kyrgyzstan,2022,6282
Lao People's Dem. Rep.,2017,7279
Lao People's Dem. Rep.,2018,7237
Lao People's Dem. Rep.,2019,7147
Lao People's Dem. Rep.,2020,7128
Lao People's Dem. Rep.,2021,7252
Lao People's Dem. Rep.,2022,7130
Latvia,2017,267
Latvia,2018,255
Latvia,2019,242
Latvia,2020,235
Latvia,2021,242
Latvia,2022,228
Lebanon,2017,14586
Lebanon,2018,13678
Lebanon,2019,13679
Lebanon,2020,13459
Lebanon,2021,14934
Lebanon,2022,15613
Lesotho,2017,26
Lesotho,2018,44
Lesotho,2019,55
Lesotho,2020,44
Lesotho,2021,47
Lesotho,2022,56
Liberia,2017,9401
Liberia,2018,8494
Liberia,2019,8318
Liberia,2020,8268
Liberia,2021,8474
Liberia,2022,8166
Libya,2017,18047
Libya,2018,20654
Libya,2019,22019
Libya,2020,22963
Libya,2021,24807
Libya,2022,23504
Liechtenstein,2019,14
Liechtenstein,2020,5
Liechtenstein,2021,10
Liechtenstein,2022,5
Lithuania,2017,168
Lithuania,2018,155
Lithuania,2019,137
Lithuania,2020,136
Lithuania,2021,168
Lithuania,2022,158
Luxembourg,2018,5
Luxembourg,2019,5
Luxembourg,2020,5
Madagascar,2017,365
Madagascar,2018,409
Madagascar,2019,562
Madagascar,2020,606
Madagascar,2021,798
Madagascar,2022,966
Malawi,2017,3588
Malawi,2018,3272
Malawi,2019,3084
Malawi,2020,2682
Malawi,2021,2531
Malawi,2022,2506
Malaysia,2017,10018
Malaysia,2018,15854
Malaysia,2019,22165
Malaysia,2020,22532
Malaysia,2021,22037
Malaysia,2022,22038
Maldives,2017,98
Maldives,2018,109
Maldives,2019,86
Maldives,2020,101
Maldives,2021,101
Maldives,2022,193
Mali,2017,165391
Mali,2018,169158
Mali,2019,173048
Mali,2020,175719
Mali,2021,207679
Mali,2022,221842
Malta,2017,5
Malta,2018,15
Malta,2019,20
Malta,2020,15
Malta,2021,12
Malta,2022,15
Marshall Islands,2017,7
Marshall Islands,2018,7
Marshall Islands,2019,7
Marshall Islands,2020,57
Marshall Islands,2021,7
Marshall Islands,2022,11
Martinique,2020,5
Martinique,2022,361
Mauritania,2017,44068
Mauritania,2018,45171
Mauritania,2019,46003
Mauritania,2020,47183
Mauritania,2021,47984
Mauritania,2022,45137
Mauritius,2017,359
Mauritius,2018,450
Mauritius,2019,482
Mauritius,2020,514
Mauritius,2021,549
Mauritius,2022,580
Mexico,2017,96757
Mexico,2018,102664
Mexico,2019,116275
Mexico,2020,127126
Mexico,2021,134339
Mexico,2022,131947
Monaco,2017,5
Monaco,2018,5
Monaco,2019,5
Mongolia,2017,6396
Mongolia,2018,6638
Mongolia,2019,6421
Mongolia,2020,6404
Mongolia,2021,7181
Mongolia,2022,7069
Montenegro,2017,1474
Montenegro,2018,1348
Montenegro,2019,1265
Montenegro,2020,1164
Montenegro,2021,1432
Montenegro,2022,1481
Morocco,2017,9942
Morocco,2018,12036
Morocco,2019,12964
Morocco,2020,12706
Morocco,2021,18017
Morocco,2022,22223
Mozambique,2017,12629
Mozambique,2018,9034
Mozambique,2019,8811
Mozambique,2020,8755
Mozambique,2021,8810
Mozambique,2022,8858
Myanmar,2017,1197830
Myanmar,2018,1175608
Myanmar,2019,1114283
Myanmar,2020,1143452
Myanmar,2021,1221205
Myanmar,2022,1259091
Namibia,2017,1579
Namibia,2018,1663
Namibia,2019,1215
Namibia,2020,1298
Namibia,2021,1356
Namibia,2022,1459
Nauru,2019,15
Nauru,2020,21
Nauru,2021,21
Nauru,2022,21
Nepal,2017,21601
Nepal,2018,17664
Nepal,2019,17974
Nepal,2020,17792
Nepal,2021,18358
Nepal,2022,19045
Netherlands,2017,103
Netherlands,2018,132
Netherlands,2019,157
Netherlands,2020,134
Netherlands,2021,151
Netherlands,2022,159
New Zealand,2017,61
New Zealand,2018,48
New Zealand,2019,61
New Zealand,2020,67
New Zealand,2021,102
New Zealand,2022,78
Nicaragua,2017,4189
Nicaragua,2018,33936
Nicaragua,2019,71245
Nicaragua,2020,70786
Nicaragua,2021,175060
Nicaragua,2022,236983
Niger,2017,3762
Niger,2018,4768
Niger,2019,5483
Niger,2020,22958
Niger,2021,24587
Niger,2022,21044
Nigeria,2017,330901
Nigeria,2018,361458
Nigeria,2019,407960
Nigeria,2020,426193
Nigeria,2021,466765
Nigeria,2022,488717
Niue,2017,24
Niue,2018,24
Niue,2019,25
Niue,2020,25
Niue,2021,11
Niue,2022,14
North Macedonia,2017,5691
North Macedonia,2018,4949
North Macedonia,2019,4310
North Macedonia,2020,3291
North Macedonia,2021,5824
North Macedonia,2022,5189
Norway,2017,40
Norway,2018,16
Norway,2019,16
Norway,2020,20
Norway,2021,28
Norway,2022,26
Oman,2017,61
Oman,2018,70
Oman,2019,101
Oman,2020,117
Oman,2021,124
Oman,2022,133
Pakistan,2017,205799
Pakistan,2018,207585
Pakistan,2019,203147
Pakistan,2020,194709
Pakistan,2021,189505
Pakistan,2022,181462
Palau,2017,5
Palestinian,2017,108489
Palestinian,2018,114189
Palestinian,2019,107790
Palestinian,2020,112609
Palestinian,2021,113226
Palestinian,2022,111051
Panama,2017,162
Panama,2018,185
Panama,2019,285
Panama,2020,385
Panama,2021,630
Panama,2022,866
Papua New Guinea,2017,778
Papua New Guinea,2018,869
Papua New Guinea,2019,1024
Papua New Guinea,2020,1160
Papua New Guinea,2021,1143
Papua New Guinea,2022,1149
Paraguay,2017,252
Paraguay,2018,351
Paraguay,2019,716
Paraguay,2020,987
Paraguay,2021,1227
Paraguay,2022,1239
Peru,2017,6085
Peru,2018,7474
Peru,2019,11434
Peru,2020,13417
Peru,2021,12567
Peru,2022,18330
Philippines,2017,8526
Philippines,2018,4326
Philippines,2019,5286
Philippines,2020,5458
Philippines,2021,6046
Philippines,2022,6085
Poland,2017,1907
Poland,2018,1997
Poland,2019,1977
Poland,2020,1962
Poland,2021,1943
Poland,2022,1978
Portugal,2017,187
Portugal,2018,265
Portugal,2019,363
Portugal,2020,387
Portugal,2021,465
Portugal,2022,561
Qatar,2017,70
Qatar,2018,63
Qatar,2019,72
Qatar,2020,71
Qatar,2021,82
Qatar,2022,94
Rep. of Korea,2017,620
Rep. of Korea,2018,810
Rep. of Korea,2019,823
Rep. of Korea,2020,869
Rep. of Korea,2021,1010
Rep. of Korea,2022,1041
Rep. of Moldova,2017,5757
Rep. of Moldova,2018,6934
Rep. of Moldova,2019,8080
Rep. of Moldova,2020,7716
Rep. of Moldova,2021,9071
Rep. of Moldova,2022,10032
Romania,2017,4466
Romania,2018,5408
Romania,2019,5262
Romania,2020,5063
Romania,2021,5869
Romania,2022,7521
Russian Federation,2017,100247
Russian Federation,2018,104725
Russian Federation,2019,110635
Russian Federation,2020,97141
Russian Federation,2021,111506
Russian Federation,2022,125235
Rwanda,2017,271787
Rwanda,2018,261241
Rwanda,2019,262133
Rwanda,2020,262429
Rwanda,2021,271742
Rwanda,2022,271330
Saint Kitts and Nevis,2017,69
Saint Kitts and Nevis,2018,69
Saint Kitts and Nevis,2019,74
Saint Kitts and Nevis,2020,72
Saint Kitts and Nevis,2021,79
Saint Kitts and Nevis,2022,61
Saint Lucia,2017,1173
Saint Lucia,2018,1090
Saint Lucia,2019,917
Saint Lucia,2020,809
Saint Lucia,2021,548
Saint Lucia,2022,191
Saint Vincent and the Grenadines,2017,1447
Saint Vincent and the Grenadines,2018,1314
Saint Vincent and the Grenadines,2019,1056
Saint Vincent and the Grenadines,2020,780
Saint Vincent and the Grenadines,2021,552
Saint Vincent and the Grenadines,2022,235
Samoa,2017,11
Samoa,2018,42
Samoa,2019,84
Samoa,2020,133
Samoa,2021,165
Samoa,2022,231
Sao Tome and Principe,2017,54
Sao Tome and Principe,2018,56
Sao Tome and Principe,2019,57
Sao Tome and Principe,2020,51
Sao Tome and Principe,2021,31
Sao Tome and Principe,2022,25
Saudi Arabia,2017,2466
Saudi Arabia,2018,2928
Saudi Arabia,2019,3131
Saudi Arabia,2020,3252
Saudi Arabia,2021,3708
Saudi Arabia,2022,3552
Senegal,2017,51765
Senegal,2018,35617
Senegal,2019,32539
Senegal,2020,29772
Senegal,2021,32595
Senegal,2022,32628
Serbia and Kosovo: S/RES/1244 (1999),2017,46053
Serbia and Kosovo: S/RES/1244 (1999),2018,42070
Serbia and Kosovo: S/RES/1244 (1999),2019,38714
Serbia and Kosovo: S/RES/1244 (1999),2020,37081
Serbia and Kosovo: S/RES/1244 (1999),2021,38443
Serbia and Kosovo: S/RES/1244 (1999),2022,36484
Seychelles,2017,15
Seychelles,2018,15
Seychelles,2019,21
Seychelles,2020,15
Seychelles,2021,14
Seychelles,2022,9
Sierra Leone,2017,10732
Sierra Leone,2018,12268
Sierra Leone,2019,12560
Sierra Leone,2020,14118
Sierra Leone,2021,12300
Sierra Leone,2022,12793
Singapore,2017,103
Singapore,2018,116
Singapore,2019,127
Singapore,2020,111
Singapore,2021,134
Singapore,2022,128
Slovakia,2017,1612
Slovakia,2018,1608
Slovakia,2019,1574
Slovakia,2020,1577
Slovakia,2021,1597
Slovakia,2022,774
Slovenia,2017,31
Slovenia,2018,29
Slovenia,2019,34
Slovenia,2020,22
Slovenia,2021,27
Slovenia,2022,32
Solomon Islands,2017,163
Solomon Islands,2018,178
Solomon Islands,2019,261
Solomon Islands,2020,304
Solomon Islands,2021,352
Solomon Islands,2022,490
Somalia,2017,1044706
Somalia,2018,1005489
Somalia,2019,954679
Somalia,2020,866180
Somalia,2021,836283
Somalia,2022,856024
South Africa,2017,2069
South Africa,2018,2881
South Africa,2019,3280
South Africa,2020,3704
South Africa,2021,4199
South Africa,2022,4202
South Sudan,2017,2446340
South Sudan,2018,2298002
South Sudan,2019,2240421
South Sudan,2020,2193643
South Sudan,2021,2367796
South Sudan,2022,2368028
Spain,2017,236
Spain,2018,284
Spain,2019,327
Spain,2020,346
Spain,2021,478
Spain,2022,546
Sri Lanka,2017,134566
Sri Lanka,2018,128472
Sri Lanka,2019,126403
Sri Lanka,2020,157725
Sri Lanka,2021,163321
Sri Lanka,2022,157977
Sudan,2017,746747
Sudan,2018,792220
Sudan,2019,806797
Sudan,2020,857872
Sudan,2021,900454
Sudan,2022,927437
Suriname,2017,61
Suriname,2018,79
Suriname,2019,89
Suriname,2020,163
Suriname,2021,140
Suriname,2022,159
Sweden,2017,32
Sweden,2018,45
Sweden,2019,48
Sweden,2020,43
Sweden,2021,52
Sweden,2022,81
Switzerland,2017,15
Switzerland,2018,18
Switzerland,2019,25
Switzerland,2020,21
Switzerland,2021,21
Switzerland,2022,26
Syrian Arab Rep.,2017,6457677
Syrian Arab Rep.,2018,6793950
Syrian Arab Rep.,2019,6733699
Syrian Arab Rep.,2020,6809995
Syrian Arab Rep.,2021,6988619
Syrian Arab Rep.,2022,6955985
Tajikistan,2017,4986
Tajikistan,2018,4887
Tajikistan,2019,4648
Tajikistan,2020,4678
Tajikistan,2021,4435
Tajikistan,2022,5452
Thailand,2017,1497
Thailand,2018,2975
Thailand,2019,3704
Thailand,2020,3934
Thailand,2021,3411
Thailand,2022,3180
Timor-Leste,2017,18
Timor-Leste,2018,22
Timor-Leste,2019,58
Timor-Leste,2020,335
Timor-Leste,2021,379
Timor-Leste,2022,399
Togo,2017,11877
Togo,2018,11575
Togo,2019,11414
Togo,2020,11034
Togo,2021,10969
Togo,2022,10283
Tonga,2017,140
Tonga,2018,202
Tonga,2019,451
Tonga,2020,762
Tonga,2021,844
Tonga,2022,1007
Trinidad and Tobago,2017,613
Trinidad and Tobago,2018,628
Trinidad and Tobago,2019,715
Trinidad and Tobago,2020,709
Trinidad and Tobago,2021,793
Trinidad and Tobago,2022,876
Tunisia,2017,4156
Tunisia,2018,4734
Tunisia,2019,4736
Tunisia,2020,4465
Tunisia,2021,6213
Tunisia,2022,9201
Turkmenistan,2017,1480
Turkmenistan,2018,1721
Turkmenistan,2019,1054
Turkmenistan,2020,1083
Turkmenistan,2021,1285
Turkmenistan,2022,2562
Turks and Caicos Islands,2017,19
Turks and Caicos Islands,2018,14
Turks and Caicos Islands,2019,14
Turks and Caicos Islands,2020,19
Turks and Caicos Islands,2021,19
Turks and Caicos Islands,2022,14
Türkiye,2017,95184
Türkiye,2018,111815
Türkiye,2019,130180
Türkiye,2020,138247
Türkiye,2021,151346
Türkiye,2022,153873
Uganda,2017,16565
Uganda,2018,17990
Uganda,2019,18734
Uganda,2020,19184
Uganda,2021,19711
Uganda,2022,19979
Ukraine,2017,177251
Ukraine,2018,125213
Ukraine,2019,87835
Ukraine,2020,56582
Ukraine,2021,46988
Ukraine,2022,5480081
United Arab Emirates,2017,344
United Arab Emirates,2018,441
United Arab Emirates,2019,336
United Arab Emirates,2020,362
United Arab Emirates,2021,375
United Arab Emirates,2022,386
United Kingdom of Great Britain and Northern Ireland,2017,243
United Kingdom of Great Britain and Northern Ireland,2018,268
United Kingdom of Great Britain and Northern Ireland,2019,296
United Kingdom of Great Britain and Northern Ireland,2020,262
United Kingdom of Great Britain and Northern Ireland,2021,378
United Kingdom of Great Britain and Northern Ireland,2022,503
United Rep. of Tanzania,2017,2110
United Rep. of Tanzania,2018,2382
United Rep. of Tanzania,2019,2658
United Rep. of Tanzania,2020,2589
United Rep. of Tanzania,2021,2593
United Rep. of Tanzania,2022,2600
United States of America,2017,2506
United States of America,2018,3166
United States of America,2019,3237
United States of America,2020,2840
United States of America,2021,2088
United States of America,2022,2630
Uruguay,2017,186
Uruguay,2018,210
Uruguay,2019,326
Uruguay,2020,450
Uruguay,2021,693
Uruguay,2022,668
Uzbekistan,2017,6946
Uzbekistan,2018,7882
Uzbekistan,2019,8219
Uzbekistan,2020,8283
Uzbekistan,2021,7960
Uzbekistan,2022,9780
Vanuatu,2017,14
Vanuatu,2018,52
Vanuatu,2019,75
Vanuatu,2020,158
Vanuatu,2021,172
Vanuatu,2022,440
Venezuela (Bolivarian Republic of),2017,157368
Venezuela (Bolivarian Republic of),2018,485270
Venezuela (Bolivarian Republic of),2019,887730
Venezuela (Bolivarian Republic of),2020,1022377
Venezuela (Bolivarian Republic of),2021,1170308
Venezuela (Bolivarian Republic of),2022,1251151
Viet Nam,2017,341179
Viet Nam,2018,340035
Viet Nam,2019,324536
Viet Nam,2020,326168
Viet Nam,2021,328082
Viet Nam,2022,26150
Western Sahara,2017,118605
Western Sahara,2018,118593
Western Sahara,2019,117863
Western Sahara,2020,117963
Western Sahara,2021,117730
Western Sahara,2022,117609
Yemen,2017,48184
Yemen,2018,67021
Yemen,2019,70850
Yemen,2020,67303
Yemen,2021,73077
Yemen,2022,77675
Zambia,2017,424
Zambia,2018,520
Zambia,2019,718
Zambia,2020,727
Zambia,2021,744
Zambia,2022,811
Zimbabwe,2017,39180
Zimbabwe,2018,32739
Zimbabwe,2019,26222
Zimbabwe,2020,23189
Zimbabwe,2021,21628
Zimbabwe,2022,21473
